PMID,Title,Authors,Citation,First Author,Journal/Book,Publication Year,Create Date,PMCID,NIHMS ID,DOI,ABSTRACT SCREEN,INCLUDE? ,SAMPLE SIZE,COUNTRY,TIME POINTS,TIME PERIOD,
40025440,Social contact patterns in South Korea: an analysis of a survey conducted in 2023-2024,"Son WS, Chae MK, Hwang DU, Nah K, Kim M, Kim JH, Lee J.",BMC Infect Dis. 2025 Mar 1;25(1):295. doi: 10.1186/s12879-025-10706-y.,Son WS,BMC Infect Dis,2025,02/03/2025,PMC11871801,,10.1186/s12879-025-10706-y,YES,YES,1987,South Korea,2 weeks,2023-2024,
39974087,"Within-country heterogeneity in patterns of social contact relevant for tuberculosis infection transmission, prevention, and care","LeGrand KE, Edwards A, Mohlamonyane M, Dayi N, Olivier S, Gareta D, Wood R, Grant AD, White RG, Middelkoop K, Khan P, McCreesh N.",medRxiv [Preprint]. 2025 Jan 22:2025.01.21.25320893. doi: 10.1101/2025.01.21.25320893.,LeGrand KE,medRxiv,2025,20/02/2025,PMC11838925,,10.1101/2025.01.21.25320893,NO,,,,,,
39581373,Collaborative Outcomes Study on Health and Functioning During Infection Times (COH-FIT): Global and Risk-Group Stratified Course of Well-Being and Mental Health During the COVID-19 Pandemic in Adolescents,"Solmi M, Thompson T, Cortese S, Estradé A, Agorastos A, Radua J, Dragioti E, Vancampfort D, Thygesen LC, Aschauer H, Schlögelhofer M, Aschauer E, Schneeberger AA, Huber CG, Hasler G, Conus P, Do Cuénod KQ, von Känel R, Arrondo G, Fusar-Poli P, Gorwood P, Llorca PM, Krebs MO, Scanferla E, Kishimoto T, Rabbani G, Skonieczna-Żydecka K, Brambilla P, Favaro A, Takamiya A, Zoccante L, Colizzi M, Bourgin J, Kamiński K, Moghadasin M, Seedat S, Matthews E, Wells J, Vassilopoulou E, Gadelha A, Su KP, Kwon JS, Kim M, Lee TY, Papsuev O, Manková D, Boscutti A, Gerunda C, Saccon D, Righi E, Monaco F, Croatto G, Cereda G, Demurtas J, Brondino N, Veronese N, Enrico P, Politi P, Ciappolino V, Pfennig A, Bechdolf A, Meyer-Lindenberg A, Kahl KG, Domschke K, Bauer M, Koutsouleris N, Winter S, Borgwardt S, Bitter I, Balazs J, Czobor P, Unoka Z, Mavridis D, Tsamakis K, Bozikas VP, Tunvirachaisakul C, Maes M, Rungnirundorn T, Supasitthumrong T, Haque A, Brunoni AR, Costardi CG, Schuch FB, Polanczyk G, Luiz JM, Fonseca L, Aparicio LV, Valvassori SS, Nordentoft M, Vendsborg P, Hoffmann SH, Sehli J, Sartorius N, Heuss S, Guinart D, Hamilton J, Kane J, Rubio J, Sand M, Koyanagi A, et al.",J Am Acad Child Adolesc Psychiatry. 2024 Nov 23:S0890-8567(24)02023-9. doi: 10.1016/j.jaac.2024.07.932. Online ahead of print.,Solmi M,J Am Acad Child Adolesc Psychiatry,2024,24/11/2024,,,10.1016/j.jaac.2024.07.932,YES,NO,,,,,
39974459,"Assessment of the Attitude, Anxiety Episodes and Perceived Psychological Impact of the Pandemic on Medical Undergraduate Students - a Retrospective Study","Chaudhary P, Patra A, Singal A, Arora KK.",Maedica (Bucur). 2024 Dec;19(4):750-755. doi: 10.26574/maedica.2024.19.4.7502024;.,Chaudhary P,Maedica (Bucur),2024,20/02/2025,PMC11834834,,10.26574/maedica.2024.19.4.7502024;,NO,,,,,,
39979860,Social contacts and mixing patterns in rural Gambia,"Osei I, Mendy E, van Zandvoort K, Young B, Jobe O, Sarwar G, Mohammed NI, Bruce J, Greenwood B, Flasche S, Mackenzie GA.",BMC Infect Dis. 2025 Feb 20;25(1):243. doi: 10.1186/s12879-025-10640-z.,Osei I,BMC Infect Dis,2025,20/02/2025,PMC11844039,,10.1186/s12879-025-10640-z,YES,YES,1632,Gambia,,2022,
37715459,Examining the Influence of Imbalanced Social Contact Matrices in Epidemic Models,"Hamilton MA, Knight J, Mishra S.",Am J Epidemiol. 2024 Feb 5;193(2):339-347. doi: 10.1093/aje/kwad185.,Hamilton MA,Am J Epidemiol,2024,16/09/2023,PMC10840077,,10.1093/aje/kwad185,NO,,,,,,
39305825,Global and risk-group stratified well-being and mental health during the COVID-19 pandemic in adults: Results from the international COH-FIT Study,"Solmi M, Thompson T, Estradé A, Agorastos A, Radua J, Cortese S, Dragioti E, Vancampfort D, Thygesen LC, Aschauer H, Schlögelhofer M, Aschauer E, Schneeberger A, Huber CG, Hasler G, Conus P, Cuénod KQD, von Känel R, Arrondo G, Fusar-Poli P, Gorwood P, Llorca PM, Krebs MO, Scanferla E, Kishimoto T, Rabbani G, Skonieczna-Żydecka K, Brambilla P, Favaro A, Takamiya A, Zoccante L, Colizzi M, Bourgin J, Kamiński K, Moghadasin M, Seedat S, Matthews E, Wells J, Vassilopoulou E, Gadelha A, Su KP, Kwon JS, Kim M, Lee TY, Papsuev O, Manková D, Boscutti A, Gerunda C, Saccon D, Righi E, Monaco F, Croatto G, Cereda G, Demurtas J, Brondino N, Veronese N, Enrico P, Politi P, Ciappolino V, Pfennig A, Bechdolf A, Meyer-Lindenberg A, Kahl KG, Domschke K, Bauer M, Koutsouleris N, Winter S, Borgwardt S, Bitter I, Balazs J, Czobor P, Unoka Z, Mavridis D, Tsamakis K, Bozikas VP, Tunvirachaisakul C, Maes M, Rungnirundorn T, Supasitthumrong T, Haque A, Brunoni AR, Costardi CG, Schuch FB, Polanczyk G, Luiz JM, Fonseca L, Aparicio LV, Valvassori SS, Nordentoft M, Vendsborg P, Hoffmann SH, Sehli J, Sartorius N, Heuss S, Guinart D, Hamilton J, Kane J, Rubio J, Sand M, Koyanagi A, et al.",Psychiatry Res. 2024 Dec;342:115972. doi: 10.1016/j.psychres.2024.115972. Epub 2024 May 23.,Solmi M,Psychiatry Res,2024,21/09/2024,,,10.1016/j.psychres.2024.115972,NO,,,,,,
39270441,Directly observed social contact patterns among school children in rural Gambia,"Osei I, Mendy E, van Zandvoort K, Jobe O, Sarwar G, Wutor BM, Flasche S, Mohammed NI, Bruce J, Greenwood B, Mackenzie GA.",Epidemics. 2024 Dec;49:100790. doi: 10.1016/j.epidem.2024.100790. Epub 2024 Sep 11.,Osei I,Epidemics,2024,13/09/2024,PMC11649533,,10.1016/j.epidem.2024.100790,YES,YES,219,Gambia,,,
38821037,Social contacts in Switzerland during the COVID-19 pandemic: Insights from the CoMix study,"Reichmuth ML, Heron L, Beutels P, Hens N, Low N, Althaus CL.",Epidemics. 2024 Jun;47:100771. doi: 10.1016/j.epidem.2024.100771. Epub 2024 May 10.,Reichmuth ML,Epidemics,2024,31/05/2024,,,10.1016/j.epidem.2024.100771,YES,YES,7084,Switzerland,,,
38811933,"Social contact patterns during the early COVID-19 pandemic in Norway: insights from a panel study, April to September 2020","Veneti L, Robberstad B, Steens A, Forland F, Winje BA, Vestrheim DF, Jarvis CI, Gimma A, Edmunds WJ, Van Zandvoort K, de Blasio BF.",BMC Public Health. 2024 May 29;24(1):1438. doi: 10.1186/s12889-024-18853-8.,Veneti L,BMC Public Health,2024,29/05/2024,PMC11137890,,10.1186/s12889-024-18853-8,YES,YES,1718,Norway,,,
39711531,Towards pandemic preparedness: ability to estimate high-resolution social contact patterns from longitudinal surveys,"Dan S, Tegegne J, Chen Y, Ling Z, Jaeger VK, Karch A, Mishra S, Ratmann O.",Res Sq [Preprint]. 2024 Dec 11:rs.3.rs-5182601. doi: 10.21203/rs.3.rs-5182601/v1.,Dan S,Res Sq,2024,23/12/2024,PMC11661306,,10.21203/rs.3.rs-5182601/v1,NO,,,,,,
38386667,Seasonal variations in social contact patterns in a rural population in north India: Implications for pandemic control,"Nagpal S, Kumar R, Noronha RF, Kumar S, Gupta D, Amarchand R, Gosain M, Sharma H, Menon GI, Krishnan A.",PLoS One. 2024 Feb 22;19(2):e0296483. doi: 10.1371/journal.pone.0296483. eCollection 2024.,Nagpal S,PLoS One,2024,22/02/2024,PMC10883557,,10.1371/journal.pone.0296483,YES,YES,3052,India,,,
39287986,"Disentangling social, environmental, and zoonotic transmission pathways of a gastrointestinal protozoan (Blastocystis spp.) in northeast Madagascar","Barrett TM, Titcomb GC, Janko MM, Pender M, Kauffman K, Solis A, Randriamoria MT, Young HS, Mucha PJ, Moody J, Kramer RA, Soarimalala V, Nunn CL.",Am J Biol Anthropol. 2024 Nov;185(3):e25030. doi: 10.1002/ajpa.25030. Epub 2024 Sep 17.,Barrett TM,Am J Biol Anthropol,2024,17/09/2024,PMC11495997,,10.1002/ajpa.25030,YES,NO,,,,,
38549332,Modeling the impact of distancing measures on infectious disease spread: a case study of COVID-19 in the Moroccan population,"Lamghari A, Kanté DSI, Jebrane A, Hakim A.",Math Biosci Eng. 2024 Feb 27;21(3):4370-4396. doi: 10.3934/mbe.2024193.,Lamghari A,Math Biosci Eng,2024,29/03/2024,,,10.3934/mbe.2024193,YES,NO,,,,,
38800113,Chronic disease patients have fewer social contacts: A pilot survey with implications for transmission dynamics,"Vanderlocht J, Møgelmose S, Van Kerckhove K, Beutels P, Hens N.",Infect Dis Model. 2024 May 7;9(3):926-930. doi: 10.1016/j.idm.2024.05.002. eCollection 2024 Sep.,Vanderlocht J,Infect Dis Model,2024,27/05/2024,PMC11127182,,10.1016/j.idm.2024.05.002,YES,YES,99,,,,
39953405,Evolution of social contacts patterns in France over the SARS-CoV-2 pandemic: results from the SocialCov survey,"Soussand F, Abdou AY, Sanchez M, Huynh BT, Giese C, Tran-Kiem C, Béraud G, Guillemot D, Cauchemez S, Opatowski L, Bosetti P.",BMC Infect Dis. 2025 Feb 14;25(1):224. doi: 10.1186/s12879-025-10611-4.,Soussand F,BMC Infect Dis,2025,14/02/2025,PMC11829358,,10.1186/s12879-025-10611-4,YES,YES,44396,France,,,
39662510,[Expectations and Perceptions of Medical Rehabilitation in Times of Pandemic from the Perspective of Individuals in Need of Rehabilitation and Rehabilitation Patients - A Qualitative Study],"Annac K, Fieselmann J, Yılmaz-Aslan Y, Brzoska P.",Rehabilitation (Stuttg). 2024 Dec;63(6):339-348. doi: 10.1055/a-2446-6971. Epub 2024 Dec 11.,Annac K,Rehabilitation (Stuttg),2024,11/12/2024,,,10.1055/a-2446-6971,NO,,,,,,
32870159,"Assessing the Impact of the COVID-19 Pandemic in Spain: Large-Scale, Online, Self-Reported Population Survey","Oliver N, Barber X, Roomp K, Roomp K.",J Med Internet Res. 2020 Sep 10;22(9):e21319. doi: 10.2196/21319.,Oliver N,J Med Internet Res,2020,09/02/2020,PMC7485997,,10.2196/21319,YES,YES,156614,Spain,,,
,Quantifying Contact Patterns: Development and Characteristics of the British Columbia COVID-19 Population Mixing Patterns Survey,,,Adu P,International Journal of Infectious Diseases,2022,,,,,YES,YES,58000,Canada,,,
34675016,"Differential impact of physical distancing strategies on social contacts relevant for the spread of SARS-CoV-2: evidence from a cross-national online survey, March-April 2020","Del Fava E, Cimentada J, Perrotta D, Grow A, Rampazzo F, Gil-Clavel S, Zagheni E.",BMJ Open. 2021 Oct 21;11(10):e050651. doi: 10.1136/bmjopen-2021-050651.,Del Fava E,BMJ Open,2021,10/22/21,PMC8532142,,10.1136/bmjopen-2021-050651,MAYBE,YES,51233,MULTIPLE COUNTRIES,,,FACEBOOK
37101123,Social contact patterns during the COVID-19 pandemic in 21 European countries - evidence from a two-year study,,,Wong KLM,BMC Infect Dis,2023,,,,,YES,YES,46779,UK,,,
18366252,Social contacts and mixing patterns relevant to the spread of infectious diseases,"Mossong J, Hens N, Jit M, Beutels P, Auranen K, Mikolajczyk R, Massari M, Salmaso S, Tomba GS, Wallinga J, Heijne J, Sadkowska-Todys M, Rosinska M, Edmunds WJ.",PLoS Med. 2008 Mar 25;5(3):e74. doi: 10.1371/journal.pmed.0050074.,Mossong J,PLoS Med,2008,3/28/08,PMC2270306,,10.1371/journal.pmed.0050074,YES,YES,7290,,,,
,Limits of lockdown: characterising essential contacts during strict physical distancing,,,Thomas A,Wellcome Open Research,2021,,,,,YES,YES,6807,UK,,,
37101123,Social contact patterns during the COVID-19 pandemic in 21 European countries - evidence from a two-year study,,,Wong KLM,BMC Infect Dis,2023,,,,,YES,YES,6427,Germany,,,
32296083,"Spatiotemporal heterogeneity of social contact patterns related to infectious diseases in the Guangdong Province, China","Huang Y, Cai X, Zhang B, Zhu G, Liu T, Guo P, Xiao J, Li X, Zeng W, Hu J, Ma W.",Sci Rep. 2020 Apr 15;10(1):6119. doi: 10.1038/s41598-020-63383-z.,Huang Y,Sci Rep,2020,4/17/20,PMC7160103,,10.1038/s41598-020-63383-z,YES,YES,5818,China,,,
35606703,Time trends in social contacts before and during the COVID-19 pandemic: the CONNECT study,,,Drolet M,BMC Public Health,2022,,,,,YES,YES,5516,Canada,,,
23804621,Social encounter networks: characterizing Great Britain,"Danon L, Read JM, House TA, Vernon MC, Keeling MJ.",Proc Biol Sci. 2013 Jun 26;280(1765):20131037. doi: 10.1098/rspb.2013.1037. Print 2013 Aug 22.,Danon L,Proc Biol Sci,2013,6/28/13,PMC3712448,,10.1098/rspb.2013.1037,YES,YES,5027,UK,,,
34503493,"Estimating the impact of reopening schools on the reproduction number of SARS-CoV-2 in England, using weekly contact survey data","Munday JD, Jarvis CI, Gimma A, Wong KLM, van Zandvoort K; CMMID COVID-19 Working Group; Funk S, Edmunds WJ.",BMC Med. 2021 Sep 10;19(1):233. doi: 10.1186/s12916-021-02107-0.,Munday JD,BMC Med,2021,09/10/2021,PMC8428960,,10.1186/s12916-021-02107-0,MAYBE,YES,5000,UK,,,
34749676,Quantifying contact patterns in response to COVID-19 public health measures in Canada,"Brankston G, Merkley E, Fisman DN, Tuite AR, Poljak Z, Loewen PJ, Greer AL.",BMC Public Health. 2021 Nov 8;21(1):2040. doi: 10.1186/s12889-021-12080-1.,Brankston G,BMC Public Health,2021,11/09/2021,PMC8574152,,10.1186/s12889-021-12080-1,MAYBE,YES,4981,CANADA,,,
35810698,"Nationally representative social contact patterns among U.S. adults, August 2020-April 2021","Nelson KN, Siegler AJ, Sullivan PS, Bradley H, Hall E, Luisi N, Hipp-Ramsey P, Sanchez T, Shioda K, Lopman BA.",Epidemics. 2022 Sep;40:100605. doi: 10.1016/j.epidem.2022.100605. Epub 2022 Jun 30.,Nelson KN,Epidemics,2022,07/10/2022,PMC9242729,,10.1016/j.epidem.2022.100605,YES,YES,4654,USA,,,
37101123,Social contact patterns during the COVID-19 pandemic in 21 European countries - evidence from a two-year study,,,Wong KLM,BMC Infect Dis,2023,,,,,YES,YES,4425,Switzerland,,,
37101123,Social contact patterns during the COVID-19 pandemic in 21 European countries - evidence from a two-year study,,,Wong KLM,BMC Infect Dis,2023,,,,,YES,YES,4423,Belgium,,,
37101123,Social contact patterns during the COVID-19 pandemic in 21 European countries - evidence from a two-year study,,,Wong KLM,BMC Infect Dis,2023,,,,,YES,YES,3643,Netherlands,,,
35285285,Estimating data-driven coronavirus disease 2019 mitigation strategies for safe university reopening,"Yang Q, Gruenbacher DM, Scoglio CM.",J R Soc Interface. 2022 Mar;19(188):20210920. doi: 10.1098/rsif.2021.0920. Epub 2022 Mar 14.,Yang Q,J R Soc Interface,2022,3/14/22,PMC8919707,,10.1098/rsif.2021.0920,MAYBE,YES,3581,US,,,
26646292,Age- and Sex-Specific Social Contact Patterns and Incidence of Mycobacterium tuberculosis Infection,"Dodd PJ, Looker C, Plumb ID, Bond V, Schaap A, Shanaube K, Muyoyeta M, Vynnycky E, Godfrey-Faussett P, Corbett EL, Beyers N, Ayles H, White RG.",Am J Epidemiol. 2016 Jan 15;183(2):156-66. doi: 10.1093/aje/kwv160. Epub 2015 Dec 8.,Dodd PJ,Am J Epidemiol,2016,12/10/2015,PMC4706676,,10.1093/aje/kwv160,YES,YES,3528,South Africa,,,
37101123,Social contact patterns during the COVID-19 pandemic in 21 European countries - evidence from a two-year study,,,Wong KLM,BMC Infect Dis,2023,,,,,YES,YES,2622,Finland,,,
37101123,Social contact patterns during the COVID-19 pandemic in 21 European countries - evidence from a two-year study,,,Wong KLM,BMC Infect Dis,2023,,,,,YES,YES,2593,LT,,,
34749676,Quantifying contact patterns in response to COVID-19 public health measures in Canada,,,Brankston G,BMC Public Health,2021,,,,,MAYBE,YES,2495,,,,
34749676,Quantifying contact patterns in response to COVID-19 public health measures in Canada,,,Brankston G,BMC Public Health,2021,,,,,MAYBE,YES,2493,,,,
34749676,Quantifying contact patterns in response to COVID-19 public health measures in Canada,,,Brankston G,BMC Public Health,2021,,,,,MAYBE,YES,2491,,,,
28099479,Social Contact Structures and Time Use Patterns in the Manicaland Province of Zimbabwe,"Melegaro A, Del Fava E, Poletti P, Merler S, Nyamukapa C, Williams J, Gregson S, Manfredi P.",PLoS One. 2017 Jan 18;12(1):e0170459. doi: 10.1371/journal.pone.0170459. eCollection 2017.,Melegaro A,PLoS One,2017,1/19/17,PMC5242544,,10.1371/journal.pone.0170459,YES,YES,2490,Zimbabwe,,,
30890153,Quantifying heterogeneous contact patterns in Japan: a social contact survey,"Munasinghe L, Asai Y, Nishiura H.",Theor Biol Med Model. 2019 Mar 20;16(1):6. doi: 10.1186/s12976-019-0102-8.,Munasinghe L,Theor Biol Med Model,2019,3/21/19,PMC6425701,,10.1186/s12976-019-0102-8,YES,YES,2271,Japan,1,28 Oct - 1 Dec 2014,INTERNET
37101123,Social contact patterns during the COVID-19 pandemic in 21 European countries - evidence from a two-year study,,,Wong KLM,BMC Infect Dis,2023,,,,,YES,YES,2240,Green,,,
37101123,Social contact patterns during the COVID-19 pandemic in 21 European countries - evidence from a two-year study,,,Wong KLM,BMC Infect Dis,2023,,,,,YES,YES,2078,Hungary,,,
26176549,The French Connection: The First Large Population-Based Contact Survey in France Relevant for the Spread of Infectious Diseases,"Béraud G, Kazmercziak S, Beutels P, Levy-Bruhl D, Lenne X, Mielcarek N, Yazdanpanah Y, Boëlle PY, Hens N, Dervaux B.",PLoS One. 2015 Jul 15;10(7):e0133203. doi: 10.1371/journal.pone.0133203. eCollection 2015.,Béraud G,PLoS One,2015,7/16/15,PMC4503306,,10.1371/journal.pone.0133203,YES,YES,2033,FRANCE,,,
37015945,Social contact patterns relevant for infectious disease transmission in Cambodia,"Leung WTM, Meeyai A, Holt HR, Khieu B, Chhay T, Seng S, Pok S, Chiv P, Drake T, Rudge JW.",Sci Rep. 2023 Apr 4;13(1):5542. doi: 10.1038/s41598-023-31485-z.,Leung WTM,Sci Rep,2023,04/04/2023,PMC10072808,,10.1038/s41598-023-31485-z,YES,YES,2016,Cambodia,,,
37101123,Social contact patterns during the COVID-19 pandemic in 21 European countries - evidence from a two-year study,,,Wong KLM,BMC Infect Dis,2023,,,,,YES,YES,1998,SI,,,
37101123,Social contact patterns during the COVID-19 pandemic in 21 European countries - evidence from a two-year study,,,Wong KLM,BMC Infect Dis,2023,,,,,YES,YES,1971,Croatia,,,
24725605,Changing social contact patterns under tropical weather conditions relevant for the spread of infectious diseases,"Chan TC, Fu YC, Hwang JS.",Epidemiol Infect. 2015 Jan;143(2):440-51. doi: 10.1017/S0950268814000843. Epub 2014 Apr 14.,Chan TC,Epidemiol Infect,2015,4/15/14,PMC9206812,,10.1017/S0950268814000843,MAYBE,YES,1927,Taiwan,,,
37101123,Social contact patterns during the COVID-19 pandemic in 21 European countries - evidence from a two-year study,,,Wong KLM,BMC Infect Dis,2023,,,,,YES,YES,1852,EE,,,
37101123,Social contact patterns during the COVID-19 pandemic in 21 European countries - evidence from a two-year study,,,Wong KLM,BMC Infect Dis,2023,,,,,YES,YES,1839,Portugal,,,
37101123,Social contact patterns during the COVID-19 pandemic in 21 European countries - evidence from a two-year study,"Wong KLM, Gimma A, Coletti P; CoMix Europe Working Group; Faes C, Beutels P, Hens N, Jaeger VK, Karch A, Johnson H, Edmunds W, Jarvis CI.",BMC Infect Dis. 2023 Apr 26;23(1):268. doi: 10.1186/s12879-023-08214-y.,Wong KLM,BMC Infect Dis,2023,4/26/23,PMC10132446,,10.1186/s12879-023-08214-y,YES,YES,1737,Austria,,,
37101123,Social contact patterns during the COVID-19 pandemic in 21 European countries - evidence from a two-year study,,,Wong KLM,BMC Infect Dis,2023,,,,,YES,YES,1733,SK,,,
37101123,Social contact patterns during the COVID-19 pandemic in 21 European countries - evidence from a two-year study,,,Wong KLM,BMC Infect Dis,2023,,,,,YES,YES,1728,Denmark,,,
37101123,Social contact patterns during the COVID-19 pandemic in 21 European countries - evidence from a two-year study,,,Wong KLM,BMC Infect Dis,2023,,,,,YES,YES,1724,Poland,,,
33736606,"Close contact infection dynamics over time: insights from a second large-scale social contact survey in Flanders, Belgium, in 2010-2011","Hoang TV, Coletti P, Kifle YW, Kerckhove KV, Vercruysse S, Willem L, Beutels P, Hens N.",BMC Infect Dis. 2021 Mar 18;21(1):274. doi: 10.1186/s12879-021-05949-4.,Hoang TV,BMC Infect Dis,2021,3/19/21,PMC7971398,,10.1186/s12879-021-05949-4,YES,YES,1707,Belgium,,,
34496771,Impact of the Covid-19 epidemic and related social distancing regulations on social contact and SARS-CoV-2 transmission potential in rural South Africa: analysis of repeated cross-sectional surveys,"McCreesh N, Dlamini V, Edwards A, Olivier S, Dayi N, Dikgale K, Nxumalo S, Dreyer J, Baisley K, Siedner MJ, White RG, Herbst K, Grant AD, Harling G.",BMC Infect Dis. 2021 Sep 8;21(1):928. doi: 10.1186/s12879-021-06604-8.,McCreesh N,BMC Infect Dis,2021,09/09/2021,PMC8424154,,10.1186/s12879-021-06604-8,MAYBE,YES,1704,South Africa,,,
37101123,Social contact patterns during the COVID-19 pandemic in 21 European countries - evidence from a two-year study,,,Wong KLM,BMC Infect Dis,2023,,,,,YES,YES,1704,France,,,
37101123,Social contact patterns during the COVID-19 pandemic in 21 European countries - evidence from a two-year study,,,Wong KLM,BMC Infect Dis,2023,,,,,YES,YES,1702,MT,,,
37101123,Social contact patterns during the COVID-19 pandemic in 21 European countries - evidence from a two-year study,,,Wong KLM,BMC Infect Dis,2023,,,,,YES,YES,1622,Spain,,,
37101123,Social contact patterns during the COVID-19 pandemic in 21 European countries - evidence from a two-year study,,,Wong KLM,BMC Infect Dis,2023,,,,,YES,YES,1616,Itality,,,
36221094,Characterising social contacts under COVID-19 control measures in Africa,,,Dobreva Z,BMC Med,2022,,,,,YES,YES,1571,Ethiopia,,,
34649541,Individual social contact data and population mobility data as early markers of SARS-CoV-2 transmission dynamics during the first wave in Germany-an analysis based on the COVIMOD study,"Tomori DV, Rübsamen N, Berger T, Scholz S, Walde J, Wittenberg I, Lange B, Kuhlmann A, Horn J, Mikolajczyk R, Jaeger VK, Karch A.",BMC Med. 2021 Oct 14;19(1):271. doi: 10.1186/s12916-021-02139-6.,Tomori DV,BMC Med,2021,10/15/21,PMC8515158,,10.1186/s12916-021-02139-6,MAYBE,YES,1560,Germany,,,
36221094,Characterising social contacts under COVID-19 control measures in Africa,"Dobreva Z, Gimma A, Rohan H, Djoudalbaye B, Tshangela A, Jarvis CI, van Zandvoort K, Quaife M.",BMC Med. 2022 Oct 12;20(1):344. doi: 10.1186/s12916-022-02543-6.,Dobreva Z,BMC Med,2022,10/11/2022,PMC9553295,,10.1186/s12916-022-02543-6,YES,YES,1449,Cameroon,,,
36221094,Characterising social contacts under COVID-19 control measures in Africa,,,Dobreva Z,BMC Med,2022,,,,,YES,YES,1438,Sudan,,,
36221094,Characterising social contacts under COVID-19 control measures in Africa,,,Dobreva Z,BMC Med,2022,,,,,YES,YES,1416,Ivory Coast,,,
36221094,Characterising social contacts under COVID-19 control measures in Africa,,,Dobreva Z,BMC Med,2022,,,,,YES,YES,1395,South Africa,,,
36221094,Characterising social contacts under COVID-19 control measures in Africa,,,Dobreva Z,BMC Med,2022,,,,,YES,YES,1366,Liberia,,,
32375776,Quantifying the impact of physical distance measures on the transmission of COVID-19 in the UK,"Jarvis CI, Van Zandvoort K, Gimma A, Prem K; CMMID COVID-19 working group; Klepac P, Rubin GJ, Edmunds WJ.",BMC Med. 2020 May 7;18(1):124. doi: 10.1186/s12916-020-01597-8.,Jarvis CI,BMC Med,2020,05/08/2020,PMC7202922,,10.1186/s12916-020-01597-8,YES,YES,1356,UK,,,
34649541,Individual social contact data and population mobility data as early markers of SARS-CoV-2 transmission dynamics during the first wave in Germany-an analysis based on the COVIMOD study,,,Tomori DV,BMC Med,2021,,,,,MAYBE,YES,1356,Germany,,,
36221094,Characterising social contacts under COVID-19 control measures in Africa,,,Dobreva Z,BMC Med,2022,,,,,YES,YES,1351,DRC,,,
18366252,Social contacts and mixing patterns relevant to the spread of infectious diseases,,,Mossong J,PLoS Med,2008,,,,,YES,YES,1341,DE,,,
36221094,Characterising social contacts under COVID-19 control measures in Africa,,,Dobreva Z,BMC Med,2022,,,,,YES,YES,1338,Ghana,,,
36221094,Characterising social contacts under COVID-19 control measures in Africa,,,Dobreva Z,BMC Med,2022,,,,,YES,YES,1333,Zimbabwe,,,
36221094,Characterising social contacts under COVID-19 control measures in Africa,,,Dobreva Z,BMC Med,2022,,,,,YES,YES,1314,Mozambique,,,
36221094,Characterising social contacts under COVID-19 control measures in Africa,,,Dobreva Z,BMC Med,2022,,,,,YES,YES,1304,Nigeria,,,
35606703,Time trends in social contacts before and during the COVID-19 pandemic: the CONNECT study,,,Drolet M,BMC Public Health,2022,,,,,YES,YES,1291,Canada,,,
36221094,Characterising social contacts under COVID-19 control measures in Africa,,,Dobreva Z,BMC Med,2022,,,,,YES,YES,1290,Zambia,,,
36221094,Characterising social contacts under COVID-19 control measures in Africa,,,Dobreva Z,BMC Med,2022,,,,,YES,YES,1286,Uganda,,,
36221094,Characterising social contacts under COVID-19 control measures in Africa,,,Dobreva Z,BMC Med,2022,,,,,YES,YES,1283,Guinea,,,
30963910,Household members do not contact each other at random: implications for infectious disease modelling,"Goeyvaerts N, Santermans E, Potter G, Torneri A, Van Kerckhove K, Willem L, Aerts M, Beutels P, Hens N.",Proc Biol Sci. 2018 Dec 19;285(1893):20182201. doi: 10.1098/rspb.2018.2201.,Goeyvaerts N,Proc Biol Sci,2018,04/10/2019,PMC6304037,,10.1098/rspb.2018.2201,YES,YES,1266,Belgium,,,
36221094,Characterising social contacts under COVID-19 control measures in Africa,,,Dobreva Z,BMC Med,2022,,,,,YES,YES,1259,Senegal,,,
36221094,Characterising social contacts under COVID-19 control measures in Africa,,,Dobreva Z,BMC Med,2022,,,,,YES,YES,1218,Tunisia,,,
36221094,Characterising social contacts under COVID-19 control measures in Africa,,,Dobreva Z,BMC Med,2022,,,,,YES,YES,1206,Egypt,,,
35691100,"Social mixing patterns relevant to infectious diseases spread by close contact in urban Blantyre, Malawi","Thindwa D, Jambo KC, Ojal J, MacPherson P, Dennis Phiri M, Pinsent A, Khundi M, Chiume L, Gallagher KE, Heyderman RS, Corbett EL, French N, Flasche S.",Epidemics. 2022 Sep;40:100590. doi: 10.1016/j.epidem.2022.100590. Epub 2022 Jun 8.,Thindwa D,Epidemics,2022,06/12/2022,PMC9176177,,10.1016/j.epidem.2022.100590,YES,YES,1201,Malawi,,,
28801623,Social contact patterns relevant to the spread of respiratory infectious diseases in Hong Kong,"Leung K, Jit M, Lau EHY, Wu JT.",Sci Rep. 2017 Aug 11;7(1):7974. doi: 10.1038/s41598-017-08241-1.,Leung K,Sci Rep,2017,8/13/17,PMC5554254,,10.1038/s41598-017-08241-1,YES,YES,1149,Hong Kong,,,
36221094,Characterising social contacts under COVID-19 control measures in Africa,,,Dobreva Z,BMC Med,2022,,,,,YES,YES,1123,Kenya,,,
34649541,Individual social contact data and population mobility data as early markers of SARS-CoV-2 transmission dynamics during the first wave in Germany-an analysis based on the COVIMOD study,,,Tomori DV,BMC Med,2021,,,,,MAYBE,YES,1081,Germany,,,
18366252,Social contacts and mixing patterns relevant to the spread of infectious diseases,,,Mossong J,PLoS Med,2008,,,,,YES,YES,1051,LU,,,
34732732,Individual's daily behaviour and intergenerational mixing in different social contexts of Kenya,"Del Fava E, Adema I, Kiti MC, Poletti P, Merler S, Nokes DJ, Manfredi P, Melegaro A.",Sci Rep. 2021 Nov 3;11(1):21589. doi: 10.1038/s41598-021-00799-1.,Del Fava E,Sci Rep,2021,11/04/2021,PMC8566563,,10.1038/s41598-021-00799-1,MAYBE,YES,1047,KENYA,,,
18366252,Social contacts and mixing patterns relevant to the spread of infectious diseases,,,Mossong J,PLoS Med,2008,,,,,YES,YES,1012,GB,,,
18366252,Social contacts and mixing patterns relevant to the spread of infectious diseases,,,Mossong J,PLoS Med,2008,,,,,YES,YES,1012,PL,,,
18366252,Social contacts and mixing patterns relevant to the spread of infectious diseases,,,Mossong J,PLoS Med,2008,,,,,YES,YES,1006,FI,,,
29739474,"Social contact patterns of infants in deciding vaccination strategy: a prospective, cross-sectional, single-centre study","Oguz MM, Camurdan AD, Aksakal FN, Akcaboy M, Altinel Acoglu E.",Epidemiol Infect. 2018 Jul;146(9):1157-1166. doi: 10.1017/S0950268818001048. Epub 2018 May 9.,Oguz MM,Epidemiol Infect,2018,05/10/2018,PMC9134280,,10.1017/S0950268818001048,YES,YES,1006,Turkey,,,
21347264,Social contact patterns in Vietnam and implications for the control of infectious diseases,"Horby P, Pham QT, Hens N, Nguyen TT, Le QM, Dang DT, Nguyen ML, Nguyen TH, Alexander N, Edmunds WJ, Tran ND, Fox A, Nguyen TH.",PLoS One. 2011 Feb 14;6(2):e16965. doi: 10.1371/journal.pone.0016965.,Horby P,PLoS One,2011,2/25/11,PMC3038933,,10.1371/journal.pone.0016965,YES,,865,VIETNAM,,,
18366252,Social contacts and mixing patterns relevant to the spread of infectious diseases,,,Mossong J,PLoS Med,2008,,,,,YES,YES,849,IT,,,
20636597,Self-reported symptoms of infection among travelers departing from Sydney and Bangkok airports,"Heywood AE, Watkins RE, Pattanasin S, Iamsirithaworn S, Nilvarangkul K, Macintyre CR.",J Travel Med. 2010 Jul-Aug;17(4):243-9. doi: 10.1111/j.1708-8305.2010.00422.x.,Heywood AE,J Travel Med,2010,7/20/10,,,10.1111/j.1708-8305.2010.00422.x,MAYBE,YES,843,AUSTRALIA,,,
25009062,Social contacts and the locations in which they occur as risk factors for influenza infection,"Kwok KO, Cowling BJ, Wei VW, Wu KM, Read JM, Lessler J, Cummings DA, Peiris JS, Riley S.",Proc Biol Sci. 2014 Aug 22;281(1789):20140709. doi: 10.1098/rspb.2014.0709.,Kwok KO,Proc Biol Sci,2014,07/11/2014,PMC4100506,,10.1098/rspb.2014.0709,MAYBE,YES,770,Hong Kong,,,
18366252,Social contacts and mixing patterns relevant to the spread of infectious diseases,,,Mossong J,PLoS Med,2008,,,,,YES,YES,750,BE,,,
34083593,Contacts and behaviours of university students during the COVID-19 pandemic at the start of the 2020/2021 academic year,"Nixon E, Trickey A, Christensen H, Finn A, Thomas A, Relton C, Montgomery C, Hemani G, Metz J, Walker JG, Turner K, Kwiatkowska R, Sauchelli S, Danon L, Brooks-Pollock E.",Sci Rep. 2021 Jun 3;11(1):11728. doi: 10.1038/s41598-021-91156-9.,Nixon E,Sci Rep,2021,06/04/2021,PMC8175593,,10.1038/s41598-021-91156-9,YES,YES,740,UK,,,
33496221,"Effects of Social Distancing Measures during the First Epidemic Wave of Severe Acute Respiratory Syndrome Infection, Greece","Sypsa V, Roussos S, Paraskevis D, Lytras T, Tsiodras S, Hatzakis A.",Emerg Infect Dis. 2021 Feb;27(2):452-462. doi: 10.3201/eid2702.203412.,Sypsa V,Emerg Infect Dis,2021,1/26/21,PMC7853557,,10.3201/eid2702.203412,MAYBE,YES,602,Greece,,,
36471295,Population-wide measures due to the COVID-19 pandemic and exposome changes in the general population of Cyprus in March-May 2020,"Andrianou XD, Konstantinou C, Rodríguez-Flores MA, Papadopoulos F, Makris KC.",BMC Public Health. 2022 Dec 6;22(1):2279. doi: 10.1186/s12889-022-14468-z.,Andrianou XD,BMC Public Health,2022,12/05/2022,PMC9724426,,10.1186/s12889-022-14468-z,MAYBE,YES,594,Cyprus,,,
27266848,Design and methods of a social network isolation study for reducing respiratory infection transmission: The eX-FLU cluster randomized trial,"Aiello AE, Simanek AM, Eisenberg MC, Walsh AR, Davis B, Volz E, Cheng C, Rainey JJ, Uzicanin A, Gao H, Osgood N, Knowles D, Stanley K, Tarter K, Monto AS.",Epidemics. 2016 Jun;15:38-55. doi: 10.1016/j.epidem.2016.01.001. Epub 2016 Feb 1.,Aiello AE,Epidemics,2016,06/09/2016,PMC4903923,NIHMS761669,10.1016/j.epidem.2016.01.001,MAYBE,YES,590,USA,,,
26972512,"Comparison of the social contact patterns among school-age children in specific seasons, locations, and times","Luh DL, You ZS, Chen SC.",Epidemics. 2016 Mar;14:36-44. doi: 10.1016/j.epidem.2015.09.002. Epub 2015 Oct 3.,Luh DL,Epidemics,2016,3/15/16,,,10.1016/j.epidem.2015.09.002,YES,YES,584,Taiwan,,,
22768066,Indoor social networks in a South African township: potential contribution of location to tuberculosis transmission,"Wood R, Racow K, Bekker LG, Morrow C, Middelkoop K, Mark D, Lawn SD.",PLoS One. 2012;7(6):e39246. doi: 10.1371/journal.pone.0039246. Epub 2012 Jun 29.,Wood R,PLoS One,2012,07/07/2012,PMC3387133,,10.1371/journal.pone.0039246,MAYBE,YES,571,South Africa,,,
29642869,Characteristics of human encounters and social mixing patterns relevant to infectious diseases spread by close contact: a survey in Southwest Uganda,"le Polain de Waroux O, Cohuet S, Ndazima D, Kucharski AJ, Juan-Giner A, Flasche S, Tumwesigye E, Arinaitwe R, Mwanga-Amumpaire J, Boum Y 2nd, Nackers F, Checchi F, Grais RF, Edmunds WJ.",BMC Infect Dis. 2018 Apr 11;18(1):172. doi: 10.1186/s12879-018-3073-1.,le Polain de Waroux O,BMC Infect Dis,2018,4/13/18,PMC5896105,,10.1186/s12879-018-3073-1,YES,YES,566,Uganda,,,
30054196,Identifying human encounters that shape the transmission of Streptococcus pneumoniae and other acute respiratory infections,"le Polain de Waroux O, Flasche S, Kucharski AJ, Langendorf C, Ndazima D, Mwanga-Amumpaire J, Grais RF, Cohuet S, Edmunds WJ.",Epidemics. 2018 Dec;25:72-79. doi: 10.1016/j.epidem.2018.05.008. Epub 2018 May 19.,le Polain de Waroux O,Epidemics,2018,7/29/18,PMC6227246,,10.1016/j.epidem.2018.05.008,YES,YES,566,Uganda,,,
33277915,Social mixing and risk exposures for SARS-CoV-2 infections in elderly persons,"Haag C, Höglinger M, Moser A, Hämmig O, Puhan M, von Wyl V.",Swiss Med Wkly. 2020 Dec 5;150:w20416. doi: 10.4414/smw.2020.20416. eCollection 2020 Nov 30.,Haag C,Swiss Med Wkly,2020,12/05/2020,,,10.4414/smw.2020.20416,YES,YES,526,Switzerland,,,
36103782,Social contacts and other risk factors for respiratory infections among internally displaced people in Somaliland,"van Zandvoort K, Bobe MO, Hassan AI, Abdi MI, Ahmed MS, Soleman SM, Warsame MY, Wais MA, Diggle E, McGowan CR, Satzke C, Mulholland K, Egeh MM, Hassan MM, Hergeeye MA, Eggo RM, Checchi F, Flasche S.",Epidemics. 2022 Dec;41:100625. doi: 10.1016/j.epidem.2022.100625. Epub 2022 Aug 29.,van Zandvoort K,Epidemics,2022,9/14/22,,,10.1016/j.epidem.2022.100625,YES,YES,504,Somaliland,,,
30044816,Structure and consistency of self-reported social contact networks in British secondary schools,"Kucharski AJ, Wenham C, Brownlee P, Racon L, Widmer N, Eames KTD, Conlan AJK.",PLoS One. 2018 Jul 25;13(7):e0200090. doi: 10.1371/journal.pone.0200090. eCollection 2018.,Kucharski AJ,PLoS One,2018,7/26/18,PMC6059423,,10.1371/journal.pone.0200090,YES,YES,460,UK,,,
28625193,Place-based social contact and mixing: a typology of generic meeting places of relevance for infectious disease transmission,"Strömgren M, Holm E, Dahlström Ö, Ekberg J, Eriksson H, Spreco A, Timpka T.",Epidemiol Infect. 2017 Sep;145(12):2582-2593. doi: 10.1017/S0950268817001169. Epub 2017 Jun 19.,Strömgren M,Epidemiol Infect,2017,6/20/17,PMC9148789,,10.1017/S0950268817001169,MAYBE,YES,443,Sweden,,,
18366252,Social contacts and mixing patterns relevant to the spread of infectious diseases,,,Mossong J,PLoS Med,2008,,,,,YES,YES,269,NL,,,
17634160,Social contacts of school children and the transmission of respiratory-spread pathogens,"Mikolajczyk RT, Akmatov MK, Rastin S, Kretzschmar M.",Epidemiol Infect. 2008 Jun;136(6):813-22. doi: 10.1017/S0950268807009181. Epub 2007 Jul 18.,Mikolajczyk RT,Epidemiol Infect,2008,7/20/07,PMC2870867,,10.1017/S0950268807009181,YES,YES,235,DE,,June/July 2004,
36246412,Luck perception is associated with less frequent preventive practices and a higher number of social contacts among adults during the SARS-CoV-2 pandemic,"Hidano A, Page B, Rudge JW, Enticott G.",Public Health Pract (Oxf). 2022 Dec;4:100325. doi: 10.1016/j.puhip.2022.100325. Epub 2022 Oct 8.,Hidano A,Public Health Pract (Oxf),2022,10/17/22,PMC9546777,,10.1016/j.puhip.2022.100325,MAYBE,YES,233,UK,,,
21624781,The impact of school holidays on the social mixing patterns of school children,"Eames KT, Tilston NL, Edmunds WJ.",Epidemics. 2011 Jun;3(2):103-8. doi: 10.1016/j.epidem.2011.03.003. Epub 2011 Apr 5.,Eames KT,Epidemics,2011,06/01/2011,,,10.1016/j.epidem.2011.03.003,YES,,122,UK,,,
23155399,A nice day for an infection? Weather conditions and social contact patterns relevant to influenza transmission,"Willem L, Van Kerckhove K, Chao DL, Hens N, Beutels P.",PLoS One. 2012;7(11):e48695. doi: 10.1371/journal.pone.0048695. Epub 2012 Nov 14.,Willem L,PLoS One,2012,11/17/12,PMC3498265,,10.1371/journal.pone.0048695,MAYBE,YES,96,Flanders,,,
37270967,Influence of setting-dependent contacts and protective behaviours on asymptomatic SARS-CoV-2 infection amongst members of a UK university,"Fairbanks EL, Bolton KJ, Jia R, Figueredo GP, Knight H, Vedhara K.",Epidemics. 2023 Jun;43:100688. doi: 10.1016/j.epidem.2023.100688. Epub 2023 May 20.,Fairbanks EL,Epidemics,2023,06/04/2023,PMC10199488,,10.1016/j.epidem.2023.100688,MAYBE,YES,62,UK,,,
35004483,Prospective diary survey of preschool children's social contact patterns: A pilot study,"Oh HS, Ryu M.",Child Health Nurs Res. 2020 Oct;26(4):393-401. doi: 10.4094/chnr.2020.26.4.393. Epub 2020 Oct 31.,Oh HS,Child Health Nurs Res,2020,01/10/2022,PMC8650865,,10.4094/chnr.2020.26.4.393,YES,YES,30,Korea,,,
18662870,Compliance with anti-infective preventive measures: A multicentre survey among paediatric oncology patients,"Lehrnbecher T, Laws HJ, Boehm A, Dworzak M, Janssen G, Simon A, Groll AH.",Eur J Cancer. 2008 Sep;44(13):1861-5. doi: 10.1016/j.ejca.2008.06.022. Epub 2008 Jul 26.,Lehrnbecher T,Eur J Cancer,2008,7/30/08,,,10.1016/j.ejca.2008.06.022,NO,,,,,,
19943919,Estimating the impact of school closure on social mixing behaviour and the transmission of close contact infections in eight European countries,"Hens N, Ayele GM, Goeyvaerts N, Aerts M, Mossong J, Edmunds JW, Beutels P.",BMC Infect Dis. 2009 Nov 27;9:187. doi: 10.1186/1471-2334-9-187.,Hens N,BMC Infect Dis,2009,12/01/2009,PMC2799408,,10.1186/1471-2334-9-187,YES,NO,,,,,
20360859,Contribution of company affiliation and social contacts to risk estimates of between-farm transmission of avian influenza,"Leibler JH, Carone M, Silbergeld EK.",PLoS One. 2010 Mar 25;5(3):e9888. doi: 10.1371/journal.pone.0009888.,Leibler JH,PLoS One,2010,04/03/2010,PMC2845626,,10.1371/journal.pone.0009888,NO,,,,,,
21152004,Little Italy: an agent-based approach to the estimation of contact patterns- fitting predicted matrices to serological data,"Iozzi F, Trusiano F, Chinazzi M, Billari FC, Zagheni E, Merler S, Ajelli M, Del Fava E, Manfredi P.",PLoS Comput Biol. 2010 Dec 2;6(12):e1001021. doi: 10.1371/journal.pcbi.1001021.,Iozzi F,PLoS Comput Biol,2010,12/15/10,PMC2996317,,10.1371/journal.pcbi.1001021,NO,,,,,,
21631918,Force of tuberculosis infection among adolescents in a high HIV and TB prevalence community: a cross-sectional observation study,"Middelkoop K, Bekker LG, Liang H, Aquino LD, Sebastian E, Myer L, Wood R.",BMC Infect Dis. 2011 Jun 1;11:156. doi: 10.1186/1471-2334-11-156.,Middelkoop K,BMC Infect Dis,2011,06/03/2011,PMC3130671,,10.1186/1471-2334-11-156,NO,,,,,,
22094337,What types of contacts are important for the spread of infections?: using contact survey data to explore European mixing patterns,"Melegaro A, Jit M, Gay N, Zagheni E, Edmunds WJ.",Epidemics. 2011 Sep;3(3-4):143-51. doi: 10.1016/j.epidem.2011.04.001. Epub 2011 May 13.,Melegaro A,Epidemics,2011,11/19/11,,,10.1016/j.epidem.2011.04.001,MAYBE,NO,,,,,
23028275,Inferring the structure of social contacts from demographic data in the analysis of infectious diseases spread,"Fumanelli L, Ajelli M, Manfredi P, Vespignani A, Merler S.",PLoS Comput Biol. 2012;8(9):e1002673. doi: 10.1371/journal.pcbi.1002673. Epub 2012 Sep 13.,Fumanelli L,PLoS Comput Biol,2012,10/03/2012,PMC3441445,,10.1371/journal.pcbi.1002673,MAYBE,NO,,,,,
22248701,The dynamics of sexual contact networks: effects on disease spread and control,"Robinson K, Cohen T, Colijn C.",Theor Popul Biol. 2012 Mar;81(2):89-96. doi: 10.1016/j.tpb.2011.12.009. Epub 2012 Jan 8.,Robinson K,Theor Popul Biol,2012,1/18/12,PMC3328800,NIHMS349399,10.1016/j.tpb.2011.12.009,NO,,,,,,
22718990,Social encounter networks: collective properties and disease transmission,"Danon L, House TA, Read JM, Keeling MJ.",J R Soc Interface. 2012 Nov 7;9(76):2826-33. doi: 10.1098/rsif.2012.0357. Epub 2012 Jun 20.,Danon L,J R Soc Interface,2012,6/22/12,PMC3479920,,10.1098/rsif.2012.0357,NO,,,,,,
22877728,Social contact patterns and control strategies for influenza in the elderly,"Towers S, Feng Z.",Math Biosci. 2012 Dec;240(2):241-9. doi: 10.1016/j.mbs.2012.07.007. Epub 2012 Aug 2.,Towers S,Math Biosci,2012,08/11/2012,,,10.1016/j.mbs.2012.07.007,YES,NO,,,,,
23851246,"[Students' knowledge about AIDS and their attitudes and behaviours towards HIV-positive or diseased persons in Niš, Serbia]","Blagojevic L, Petrovic B, Kocic B, Rancic N, Deljanin Z.",Epidemiol Prev. 2013 Mar-Jun;37(2-3):161-7.,Blagojevic L,Epidemiol Prev,2013,7/16/13,,,,NO,,,,,,
23266419,Estimation of basic reproduction numbers: individual heterogeneity and robustness to perturbation of the contact function,"Farrington CP, Unkel S, Anaya-Izquierdo K.",Biostatistics. 2013 Jul;14(3):528-40. doi: 10.1093/biostatistics/kxs054. Epub 2012 Dec 23.,Farrington CP,Biostatistics,2013,12/26/12,,,10.1093/biostatistics/kxs054,MAYBE,NO,,,,,
24474100,Serology with ML Flow test in health professionals from three different states of Brazil,"Calado KL, Magnanini MM, Moura RS, Gallo ME, Bührer-Sékula S, Oliveira ML.",An Bras Dermatol. 2013 Nov-Dec;88(6):918-23. doi: 10.1590/abd1806-4841.20132139.,Calado KL,An Bras Dermatol,2013,1/30/14,PMC3900342,,10.1590/abd1806-4841.20132139,NO,,,,,,
24705143,The relative importance of frequency of contacts and duration of exposure for the spread of directly transmitted infections,"De Cao E, Zagheni E, Manfredi P, Melegaro A.",Biostatistics. 2014 Jul;15(3):470-83. doi: 10.1093/biostatistics/kxu008. Epub 2014 Apr 4.,De Cao E,Biostatistics,2014,04/08/2014,,,10.1093/biostatistics/kxu008,MAYBE,NO,,,,,
25984886,A dynamic transmission model with age-dependent infectiousness and reactivation for cytomegalovirus in the United States: Potential impact of vaccination strategies on congenital infection,"Hogea C, Dieussaert I, Van Effelterre T, Guignard A, Mols J.",Hum Vaccin Immunother. 2015;11(7):1788-802. doi: 10.1080/21645515.2015.1016665.,Hogea C,Hum Vaccin Immunother,2015,5/19/15,PMC4514193,,10.1080/21645515.2015.1016665,NO,,,,,,
26193480,Animal Ownership and Touching Enrich the Context of Social Contacts Relevant to the Spread of Human Infectious Diseases,"Kifle YW, Goeyvaerts N, Van Kerckhove K, Willem L, Kucharski A, Faes C, Leirs H, Hens N, Beutels P.",PLoS One. 2015 Jul 20;10(7):e0133461. doi: 10.1371/journal.pone.0133461. eCollection 2015.,Kifle YW,PLoS One,2015,7/21/15,PMC4508096,,10.1371/journal.pone.0133461,NO,,,,,,
27684062,Genotyping Oral Commensal Bacteria to Predict Social Contact and Structure,"Francis SS, Plucinski MM, Wallace AD, Riley LW.",PLoS One. 2016 Sep 29;11(9):e0160201. doi: 10.1371/journal.pone.0160201. eCollection 2016.,Francis SS,PLoS One,2016,9/30/16,PMC5042546,,10.1371/journal.pone.0160201,NO,,,,,,
28025182,Incorporating social contact data in spatio-temporal models for infectious disease spread,"Meyer S, Held L.",Biostatistics. 2017 Apr 1;18(2):338-351. doi: 10.1093/biostatistics/kxw051.,Meyer S,Biostatistics,2017,12/28/16,PMC5379927,,10.1093/biostatistics/kxw051,YES,NO,,,,,
30196647,[Progress on the research of social contact pattern and infectious diseases transmission],"Huang YL, Ma WJ.",Zhonghua Yu Fang Yi Xue Za Zhi. 2018 Sep 6;52(9):962-966. doi: 10.3760/cma.j.issn.0253-9624.2018.09.018.,Huang YL,Zhonghua Yu Fang Yi Xue Za Zhi,2018,09/10/2018,,,10.3760/cma.j.issn.0253-9624.2018.09.018,NO,,,,,,
30910644,Estimating age-mixing patterns relevant for the transmission of airborne infections,"McCreesh N, Morrow C, Middelkoop K, Wood R, White RG.",Epidemics. 2019 Sep;28:100339. doi: 10.1016/j.epidem.2019.03.005. Epub 2019 Mar 20.,McCreesh N,Epidemics,2019,3/27/19,PMC6731521,,10.1016/j.epidem.2019.03.005,YES,NO,,Wood et al 2012,,,
32268465,Development of a Social Contact Survey Instrument Relevant to the Spread of Infectious Disease and Its Application in a Pilot Study Among Korean Adults,"Oh HS, Yang Y, Ryu M.",J Prev Med Public Health. 2020 Mar;53(2):106-116. doi: 10.3961/jpmph.19.251. Epub 2020 Feb 9.,Oh HS,J Prev Med Public Health,2020,04/09/2020,PMC7142013,,10.3961/jpmph.19.251,YES,NO,,,,,
32602316,Life satisfaction among adolescents before and during the COVID-19 pandemic,"Soest TV, Bakken A, Pedersen W, Sletten MA.",Tidsskr Nor Laegeforen. 2020 Jun 16;140(10). doi: 10.4045/tidsskr.20.0437. Print 2020 Jun 30.,Soest TV,Tidsskr Nor Laegeforen,2020,07/01/2020,,,10.4045/tidsskr.20.0437,NO,,,,,,
32793934,The effect of school closures and reopening strategies on COVID-19 infection dynamics in the San Francisco Bay Area: a cross-sectional survey and modeling analysis,"Head JR, Andrejko K, Cheng Q, Collender PA, Phillips S, Boser A, Heaney AK, Hoover CM, Wu SL, Northrup GR, Click K, Harrison R, Lewnard JA, Remais JV.",medRxiv. 2020 Aug 7:2020.08.06.20169797. doi: 10.1101/2020.08.06.20169797. Preprint.,Head JR,medRxiv,2020,8/15/20,PMC7418765,,10.1101/2020.08.06.20169797,YES,NO,,,,,
33069049,"Long-term impact of a Q-fever outbreak: An evaluation of health symptoms, health-related quality of life, participation and health care satisfaction after ten years","Bronner MB, Haagsma JA, Dontje ML, Barmentloo L, Kouwenberg RMCEJ, Olde Loohuis AGM, de Groot A, Erasmus V, Polinder S.",J Psychosom Res. 2020 Dec;139:110258. doi: 10.1016/j.jpsychores.2020.110258. Epub 2020 Sep 22.,Bronner MB,J Psychosom Res,2020,10/17/20,PMC7508008,,10.1016/j.jpsychores.2020.110258,NO,,,,,,
33300009,Impact of social distancing regulations and epidemic risk perception on social contact and SARS-CoV-2 transmission potential in rural South Africa: analysis of repeated cross-sectional surveys,"McCreesh N, Dlamini V, Edwards A, Olivier S, Dayi N, Dikgale K, Nxumalo S, Dreyer J, Baisley K, Siedner MJ, White RG, Herbst K, Grant AD, Harling G.",medRxiv. 2020 Dec 3:2020.12.01.20241877. doi: 10.1101/2020.12.01.20241877. Preprint.,McCreesh N,medRxiv,2020,12/10/2020,PMC7724677,,10.1101/2020.12.01.20241877,YES,NO,,,,,
33529204,Physical and mental health outcomes including behavior and attitudes in people having social contacts with COVID-19 patients,"Xu Z, Zhang D, Xu D, Li X, Xie YJ, Sun W, Lee EK, Yip BH, Mo PK, Xiao S, Wong SY.",PLoS One. 2021 Feb 2;16(2):e0245945. doi: 10.1371/journal.pone.0245945. eCollection 2021.,Xu Z,PLoS One,2021,02/02/2021,PMC7853483,,10.1371/journal.pone.0245945,NO,,,,,,
33668540,What Predicts Adherence to Governmental COVID-19 Measures among Danish Students?,"Berg-Beckhoff G, Dalgaard Guldager J, Tanggaard Andersen P, Stock C, Smith Jervelund S.",Int J Environ Res Public Health. 2021 Feb 13;18(4):1822. doi: 10.3390/ijerph18041822.,Berg-Beckhoff G,Int J Environ Res Public Health,2021,03/06/2021,PMC7918694,,10.3390/ijerph18041822,NO,,,,,,
33740007,The social cost of contacts: Theory and evidence for the first wave of the COVID-19 pandemic in Germany,"Quaas MF, Meya JN, Schenk H, Bos B, Drupp MA, Requate T.",PLoS One. 2021 Mar 19;16(3):e0248288. doi: 10.1371/journal.pone.0248288. eCollection 2021.,Quaas MF,PLoS One,2021,3/19/21,PMC7978372,,10.1371/journal.pone.0248288,MAYBE,NO,,,,,
34086722,Assessment of depressive symptoms in patients with COVID-19 during the second wave of epidemic in Myanmar: A cross-sectional single-center study,"Htun YM, Thiha K, Aung A, Aung NM, Oo TW, Win PS, Sint NH, Naing KM, Min AK, Tun KM, Hlaing K.",PLoS One. 2021 Jun 4;16(6):e0252189. doi: 10.1371/journal.pone.0252189. eCollection 2021.,Htun YM,PLoS One,2021,06/04/2021,PMC8177551,,10.1371/journal.pone.0252189,NO,,,,,,
34142973,Indications of Depressive Symptoms During the COVID-19 Pandemic in Germany: Comparison of National Survey and Twitter Data,"Cohrdes C, Yenikent S, Wu J, Ghanem B, Franco-Salvador M, Vogelgesang F.",JMIR Ment Health. 2021 Jun 18;8(6):e27140. doi: 10.2196/27140.,Cohrdes C,JMIR Ment Health,2021,6/18/21,PMC8216331,,10.2196/27140,NO,,,,,,
34191825,Impact of the COVID-19 pandemic on biopsychosocial health and quality of life among Danish children and adults with neuromuscular diseases (NMD)-Patient reported outcomes from a national survey,"Handberg C, Werlauff U, Højberg AL, Knudsen LF.",PLoS One. 2021 Jun 30;16(6):e0253715. doi: 10.1371/journal.pone.0253715. eCollection 2021.,Handberg C,PLoS One,2021,6/30/21,PMC8244874,,10.1371/journal.pone.0253715,NO,,,,,,
34299671,"Navigating Infodemics, Unlocking Social Capital and Maintaining Food Security during the COVID-19 First Wave in the UK: Older Adults' Experiences","Brown H, Reid K.",Int J Environ Res Public Health. 2021 Jul 6;18(14):7220. doi: 10.3390/ijerph18147220.,Brown H,Int J Environ Res Public Health,2021,7/24/21,PMC8306598,,10.3390/ijerph18147220,NO,,,,,,
34299673,COVID-19 Pandemic-Related Anxiety in Pregnant Women,"Nowacka U, Kozlowski S, Januszewski M, Sierdzinski J, Jakimiuk A, Issat T.",Int J Environ Res Public Health. 2021 Jul 6;18(14):7221. doi: 10.3390/ijerph18147221.,Nowacka U,Int J Environ Res Public Health,2021,7/24/21,PMC8307177,,10.3390/ijerph18147221,NO,,,,,,
34259902,[COVID-19 pandemic-related burden and SARS-CoV-2 prevalence in care facilities],"Perkhofer L, Grünke P, Gashi-Ymeri E, Grünke T, Kroschel J, Michel D, Pensel E, Rost A, Denkinger M, Dallmeier D, Seufferlein T.",Z Gerontol Geriatr. 2021 Aug;54(5):463-470. doi: 10.1007/s00391-021-01931-6. Epub 2021 Jul 14.,Perkhofer L,Z Gerontol Geriatr,2021,7/14/21,PMC8278814,,10.1007/s00391-021-01931-6,NO,,,,,,
34485210,Daily Social Life of Older Adults and Vulnerabilities During the COVID-19 Pandemic,Chen JH.,Front Public Health. 2021 Aug 17;9:637008. doi: 10.3389/fpubh.2021.637008. eCollection 2021.,Chen JH,Front Public Health,2021,09/06/2021,PMC8416036,,10.3389/fpubh.2021.637008,MAYBE,NO,,,,,
34432818,The spreading of SARS-CoV-2: Interage contacts and networks degree distribution,"Sage L, Albertini M, Scherer S.",PLoS One. 2021 Aug 25;16(8):e0256036. doi: 10.1371/journal.pone.0256036. eCollection 2021.,Sage L,PLoS One,2021,8/25/21,PMC8386875,,10.1371/journal.pone.0256036,MAYBE,NO,,,,,
34127894,Extent to which COVID-19 will affect future use of the train in Israel,"Elias W, Zatmeh-Kanj S.",Transp Policy (Oxf). 2021 Sep;110:215-224. doi: 10.1016/j.tranpol.2021.06.008. Epub 2021 Jun 9.,Elias W,Transp Policy (Oxf),2021,6/15/21,PMC8189559,,10.1016/j.tranpol.2021.06.008,NO,,,,,,
34579645,"Analyzing the demographic, spatial, and temporal factors influencing social contact patterns in U.S. and implications for infectious disease spread","Dorélien AM, Ramen A, Swanson I, Hill R.",BMC Infect Dis. 2021 Sep 27;21(1):1009. doi: 10.1186/s12879-021-06610-w.,Dorélien AM,BMC Infect Dis,2021,9/28/21,PMC8474922,,10.1186/s12879-021-06610-w,MAYBE,NO,,,,,
34682542,Exploring People's Reaction and Perceived Issues of the COVID-19 Pandemic at Its Onset,"Heanoy EZ, Nadler EH, Lorrain D, Brown NR.",Int J Environ Res Public Health. 2021 Oct 14;18(20):10796. doi: 10.3390/ijerph182010796.,Heanoy EZ,Int J Environ Res Public Health,2021,10/23/21,PMC8535849,,10.3390/ijerph182010796,NO,,,,,,
34622141,The impact of COVID-19 on people ageing with an intellectual disability in Ireland: Protocol for a follow-up survey,"McCarron M, Allen A, McCausland D, Haigh M, Luus R, Bavussantakath FR, Sheerin F, Mulryan N, Burke E, McGlinchey E, Flannery F, McCallion P.",HRB Open Res. 2021 Oct 15;4:95. doi: 10.12688/hrbopenres.13340.2. eCollection 2021.,McCarron M,HRB Open Res,2021,11/01/2021,PMC8456373,,10.12688/hrbopenres.13340.2,NO,,,,,,
34797621,COVID-19 pandemic and health related quality of life in primary school children in Switzerland: a repeated cross-sectional study,"Bringolf-Isler B, Hänggi J, Kayser B, Suggs LS, Dössegger A, Probst-Hensch N; SOPHYA-Study Group.",Swiss Med Wkly. 2021 Nov 12;151:w30071. doi: 10.4414/smw.2021.w30071. eCollection 2021 Nov 8.,Bringolf-Isler B,Swiss Med Wkly,2021,11/19/21,,,10.4414/smw.2021.w30071,MAYBE,NO,,,,,
34748695,Older Adults Used Fewer Home Care Services during the COVID-19 Pandemic: Findings from a Secondary Analysis of an Urgent Survey in Japan,"Matsumoto H, Kawagoe M, Hotta S.",Ann Geriatr Med Res. 2021 Dec;25(4):286-293. doi: 10.4235/agmr.21.0108. Epub 2021 Nov 9.,Matsumoto H,Ann Geriatr Med Res,2021,11/08/2021,PMC8749038,,10.4235/agmr.21.0108,NO,,,,,,
35153860,"Associations of Depressive Symptoms, COVID-19-Related Stressors, and Coping Strategies. A Comparison Between Cities and Towns in Germany","Meyer C, El-Haj-Mohamad R, Stammel N, Lotzin A, Schäfer I, Knaevelsrud C, Böttche M.",Front Psychiatry. 2022 Jan 27;12:791312. doi: 10.3389/fpsyt.2021.791312. eCollection 2021.,Meyer C,Front Psychiatry,2022,2/14/22,PMC8828998,,10.3389/fpsyt.2021.791312,NO,,,,,,
35162681,Fear of Infection and Depressive Symptoms among German University Students during the COVID-19 Pandemic: Results of COVID-19 International Student Well-Being Study,"Spatafora F, Matos Fialho PM, Busse H, Helmer SM, Zeeb H, Stock C, Wendt C, Pischke CR.",Int J Environ Res Public Health. 2022 Jan 31;19(3):1659. doi: 10.3390/ijerph19031659.,Spatafora F,Int J Environ Res Public Health,2022,2/15/22,PMC8834840,,10.3390/ijerph19031659,MAYBE,NO,,,,,
35125099,COVID-19 measures in Belgium: how perception and adherence of the general population differ between time periods,"van Loenhout JAF, Vanderplanken K, Van den Broucke S, Aujoulat I.",BMC Public Health. 2022 Feb 7;22(1):245. doi: 10.1186/s12889-022-12654-7.,van Loenhout JAF,BMC Public Health,2022,02/07/2022,PMC8818501,,10.1186/s12889-022-12654-7,MAYBE,NO,,,,,
35171901,Individual risk perception and empirical social structures shape the dynamics of infectious disease outbreaks,"d'Andrea V, Gallotti R, Castaldo N, De Domenico M.",PLoS Comput Biol. 2022 Feb 16;18(2):e1009760. doi: 10.1371/journal.pcbi.1009760. eCollection 2022 Feb.,d'Andrea V,PLoS Comput Biol,2022,2/16/22,PMC8849607,,10.1371/journal.pcbi.1009760,MAYBE,NO,,,,,
35226661,A biopsychosocial model of severe fear of COVID-19,"Nürnberger P, von Lewinski D, Rothenhäusler HB, Braun C, Reinbacher P, Kolesnik E, Baranyi A.",PLoS One. 2022 Feb 28;17(2):e0264357. doi: 10.1371/journal.pone.0264357. eCollection 2022.,Nürnberger P,PLoS One,2022,2/28/22,PMC8884481,,10.1371/journal.pone.0264357,NO,,,,,,
35359766,"Decline in Mental Health in the Beginning of the COVID-19 Outbreak Among European Older Adults-Associations With Social Factors, Infection Rates, and Government Response","Lüdecke D, von dem Knesebeck O.",Front Public Health. 2022 Mar 14;10:844560. doi: 10.3389/fpubh.2022.844560. eCollection 2022.,Lüdecke D,Front Public Health,2022,04/01/2022,PMC8963994,,10.3389/fpubh.2022.844560,MAYBE,NO,,,,,
35338202,The influence of risk perceptions on close contact frequency during the SARS-CoV-2 pandemic,"Wambua J, Hermans L, Coletti P, Verelst F, Willem L, Jarvis CI, Gimma A, Wong KLM, Lajot A, Demarest S, Edmunds WJ, Faes C, Beutels P, Hens N.",Sci Rep. 2022 Mar 25;12(1):5192. doi: 10.1038/s41598-022-09037-8.,Wambua J,Sci Rep,2022,3/26/22,PMC8951651,,10.1038/s41598-022-09037-8,MAYBE,NO,,,,,
35378746,"Nationally Representative Social Contact Patterns among U.S. adults, August 2020-April 2021","Nelson KN, Siegler AJ, Sullivan PS, Bradley H, Hall E, Luisi N, Hipp-Ramsey P, Sanchez T, Shioda K, Lopman BA.",medRxiv. 2022 Mar 30:2021.09.22.21263904. doi: 10.1101/2021.09.22.21263904. Preprint.,Nelson KN,medRxiv,2022,04/05/2022,PMC8978954,,10.1101/2021.09.22.21263904,YES,NO,,,,,
35602316,"Awareness, attitude, and perceived anxiety about COVID-19 in the Iranian population: A cross-sectional questionnaire survey","Ghasemi M, Roy D, Shabani M, Singh N, Pirzeh R, Kar SK.",Int Soc Sci J. 2022 Apr 4:10.1111/issj.12332. doi: 10.1111/issj.12332. Online ahead of print.,Ghasemi M,Int Soc Sci J,2022,5/23/22,PMC9111696,,10.1111/issj.12332,MAYBE,NO,,,,,
35480574,"Knowledge, Perceptions and Behaviors Related to COVID-19 in a University Setting in Malaysia","Lee KW, Yap SF, Ong HT, Leong PP, Mohamad Hatta N, Lye MS.",Front Public Health. 2022 Apr 11;10:873022. doi: 10.3389/fpubh.2022.873022. eCollection 2022.,Lee KW,Front Public Health,2022,4/28/22,PMC9035815,,10.3389/fpubh.2022.873022,MAYBE,NO,,,,,
35446847,Evaluating the effects of second-dose vaccine-delay policies in European countries: A simulation study based on data from Greece,"Barmpounakis P, Demiris N, Kontoyiannis I, Pavlakis GN, Sypsa V.",PLoS One. 2022 Apr 21;17(4):e0263977. doi: 10.1371/journal.pone.0263977. eCollection 2022.,Barmpounakis P,PLoS One,2022,4/21/22,PMC9022792,,10.1371/journal.pone.0263977,NO,,,,,,
35384511,[Experiences of older multimorbid persons during the COVID-19 pandemic: a qualitative study],"Boehlen FH, Kusch MKP, Reich P, Wurmbach VS, Seidling HM, Wild B.",Z Gerontol Geriatr. 2022 May;55(3):216-222. doi: 10.1007/s00391-022-02055-1. Epub 2022 Apr 6.,Boehlen FH,Z Gerontol Geriatr,2022,04/06/2022,PMC8984670,,10.1007/s00391-022-02055-1,NO,,,,,,
35592086,"Social Contacts and Transmission of COVID-19 in British Columbia, Canada","Ringa N, Iyaniwura SA, David S, Irvine MA, Adu P, Spencer M, Janjua NZ, Otterstatter MC.",Front Public Health. 2022 May 3;10:867425. doi: 10.3389/fpubh.2022.867425. eCollection 2022.,Ringa N,Front Public Health,2022,5/20/22,PMC9110764,,10.3389/fpubh.2022.867425,YES,NO,,,,,
35606803,"Time trends in social contacts of individuals according to comorbidity and vaccination status, before and during the COVID-19 pandemic","Godbout A, Drolet M, Mondor M, Simard M, Sauvageau C, De Serres G, Brisson M.",BMC Med. 2022 May 23;20(1):199. doi: 10.1186/s12916-022-02398-x.,Godbout A,BMC Med,2022,5/23/22,PMC9126104,,10.1186/s12916-022-02398-x,YES,NO,,,,,
35232808,COVID-19 Update for the GRAPPA 2021 Annual Meeting: Focus on COVID-19 Vaccination,"Mease PJ, Winthrop K, Olsder W, Curtis JR.",J Rheumatol. 2022 Jun;49(6 Suppl 1):10-12. doi: 10.3899/jrheum.211319. Epub 2022 Mar 1.,Mease PJ,J Rheumatol,2022,03/02/2022,,,10.3899/jrheum.211319,NO,,,,,,
35724679,[Impact of COVID-19 pandemic on information management and adherence to replacement therapy with AAT of patients with alpha-1 antitrypsin deficiency (AATM)],"Köhnlein T, Wilkens M, Eydt K.",Pneumologie. 2022 Jul;76(7):494-498. doi: 10.1055/a-1845-0160. Epub 2022 Jun 20.,Köhnlein T,Pneumologie,2022,6/20/22,,,10.1055/a-1845-0160,NO,,,,,,
35869182,Social isolation during the COVID-19 pandemic in Spain: a population study,"Martínez-Garcia M, Sansano-Sansano E, Castillo-Hornero A, Femenia R, Roomp K, Oliver N.",Sci Rep. 2022 Jul 22;12(1):12543. doi: 10.1038/s41598-022-16628-y.,Martínez-Garcia M,Sci Rep,2022,7/22/22,PMC9306252,,10.1038/s41598-022-16628-y,YES,NO,,,,,
34292136,Isolated and anxious: A qualitative exploration of the impact of the COVID-19 pandemic on individuals living with spinal cord injury in the UK,"Hearn JH, Rohn EJ, Monden KR.",J Spinal Cord Med. 2022 Sep;45(5):691-699. doi: 10.1080/10790268.2021.1949562. Epub 2021 Jul 22.,Hearn JH,J Spinal Cord Med,2022,7/22/21,PMC9542803,,10.1080/10790268.2021.1949562,NO,,,,,,
34468236,Augmenting contact matrices with time-use data for fine-grained intervention modelling of disease dynamics: A modelling analysis,van Leeuwen E; PHE Joint modelling group; Sandmann F.,Stat Methods Med Res. 2022 Sep;31(9):1704-1715. doi: 10.1177/09622802211037078. Epub 2021 Sep 1.,van Leeuwen E,Stat Methods Med Res,2022,09/01/2021,,,10.1177/09622802211037078,NO,,,,,,
36417414,"Mental health during the COVID-19 pandemic: Impacts of disease, social isolation, and financial stressors","Kraut RE, Li H, Zhu H.",PLoS One. 2022 Nov 23;17(11):e0277562. doi: 10.1371/journal.pone.0277562. eCollection 2022.,Kraut RE,PLoS One,2022,11/23/22,PMC9683625,,10.1371/journal.pone.0277562,YES,NO,,,,,
36182804,A mixed methods analysis of participation in a social contact survey,"Nixon E, Silvonen T, Barreaux A, Kwiatkowska R, Trickey A, Thomas A, Ali B, Treneman-Evans G, Christensen H, Brooks-Pollock E, Denford S.",Epidemics. 2022 Dec;41:100635. doi: 10.1016/j.epidem.2022.100635. Epub 2022 Sep 22.,Nixon E,Epidemics,2022,10/01/2022,PMC7615368,EMS190907,10.1016/j.epidem.2022.100635,NO,,,,,,
36536314,Exploring human mixing patterns based on time use and social contact data and their implications for infectious disease transmission models,"Hoang TV, Willem L, Coletti P, Van Kerckhove K, Minnen J, Beutels P, Hens N.",BMC Infect Dis. 2022 Dec 19;22(1):954. doi: 10.1186/s12879-022-07917-y.,Hoang TV,BMC Infect Dis,2022,12/19/22,PMC9764639,,10.1186/s12879-022-07917-y,MAYBE,NO,,,,,
36582364,COVID-19 pandemic experiences of older adults with dementia in community and residential care settings: Results from a US national survey,"Schrack JA, Corkum AE, Freedman VA.",Alzheimers Dement (Amst). 2022 Dec 25;14(1):e12382. doi: 10.1002/dad2.12382. eCollection 2022.,Schrack JA,Alzheimers Dement (Amst),2022,12/30/22,PMC9791074,,10.1002/dad2.12382,NO,,,,,,
36899581,Projecting social contact matrices to populations stratified by binary attributes with known homophily,Kadelka C.,Math Biosci Eng. 2023 Jan;20(2):3282-3300. doi: 10.3934/mbe.2023154. Epub 2022 Dec 5.,Kadelka C,Math Biosci Eng,2023,03/11/2023,,,10.3934/mbe.2023154,NO,,,,,,
36658548,Voluntary risk mitigation behaviour can reduce impact of SARS-CoV-2: a real-time modelling study of the January 2022 Omicron wave in England,"Brooks-Pollock E, Northstone K, Pellis L, Scarabel F, Thomas A, Nixon E, Matthews DA, Bowyer V, Garcia MP, Steves CJ, Timpson NJ, Danon L.",BMC Med. 2023 Jan 19;21(1):25. doi: 10.1186/s12916-022-02714-5.,Brooks-Pollock E,BMC Med,2023,1/19/23,PMC9851586,,10.1186/s12916-022-02714-5,MAYBE,NO,,,,,
36765159,Situational pathogen avoidance mediates the impact of social connectedness on preventive measures during the COVID-19 pandemic,"Taubert F, Sprengholz P, Korn L, Eitze S, Wiedermann M, Betsch C.",Sci Rep. 2023 Feb 10;13(1):2418. doi: 10.1038/s41598-023-29239-y.,Taubert F,Sci Rep,2023,02/10/2023,PMC9912235,,10.1038/s41598-023-29239-y,MAYBE,NO,,,,,
36908400,Maternal COVID-19 vaccine acceptance among Malaysian pregnant women: A multicenter cross-sectional study,"Kalok A, Razak Dali W, Sharip S, Abdullah B, Kamarudin M, Dasrilsyah RA, Abdul Rahman R, Kamisan Atan I.",Front Public Health. 2023 Feb 22;11:1092724. doi: 10.3389/fpubh.2023.1092724. eCollection 2023.,Kalok A,Front Public Health,2023,3/13/23,PMC9992805,,10.3389/fpubh.2023.1092724,NO,,,,,,
37033144,Demographic and risk characteristics of healthcare workers infected with SARS-CoV-2 from two tertiary care hospitals in the United Arab Emirates,"Nasa P, Modi P, Setubal G, Puspha A, Upadhyay S, Talal SH.",World J Virol. 2023 Mar 25;12(2):122-131. doi: 10.5501/wjv.v12.i2.122.,Nasa P,World J Virol,2023,04/10/2023,PMC10075053,,10.5501/wjv.v12.i2.122,MAYBE,NO,,,,,
37074324,Colonization and transmission of Staphylococcus aureus in schools: a citizen science project,"van Tonder AJ, McCullagh F, McKeand H, Thaw S, Bellis K, Raisen C, Lay L, Aggarwal D, Holmes M, Parkhill J, Harrison EM, Kucharski A, Conlan A.",Microb Genom. 2023 Apr;9(4):mgen000993. doi: 10.1099/mgen.0.000993.,van Tonder AJ,Microb Genom,2023,4/19/23,PMC10210949,,10.1099/mgen.0.000993,MAYBE,NO,,,,,
37448326,"Reduced incidence of respiratory, gastrointestinal and malaria infections among children during the COVID-19 pandemic in Western Kenya: An analysis of facility-based and weekly diaries data","Gómez-Pérez GP, de Groot R, Abajobir AA, Wainaina CW, Rinke de Wit TF, Sidze E, Pradhan M, Janssens W.",J Glob Health. 2023 Jul 14;13:06024. doi: 10.7189/jogh.13.06024.,Gómez-Pérez GP,J Glob Health,2023,7/14/23,PMC10346133,,10.7189/jogh.13.06024,NO,,,,,,
37563550,Socio-demographic characteristics associated with COVID-19 vaccination uptake in Switzerland: longitudinal analysis of the CoMix study,"Reichmuth ML, Heron L, Riou J, Moser A, Hauser A, Low N, Althaus CL.",BMC Public Health. 2023 Aug 10;23(1):1523. doi: 10.1186/s12889-023-16405-0.,Reichmuth ML,BMC Public Health,2023,08/10/2023,PMC10413773,,10.1186/s12889-023-16405-0,NO,,,,,,
37732097,Risk of SARS-CoV-2 transmission in the close contacts in a small rural area in the Veneto Region (NE-Italy): past evidence for future scenarios,"Bassanello M, Geppini R, Bonsembiante E, Coli U, Farencena A, D'Aquino M, Gambaro A, Buja A, Baldovin T.",Front Public Health. 2023 Sep 5;11:1223109. doi: 10.3389/fpubh.2023.1223109. eCollection 2023.,Bassanello M,Front Public Health,2023,9/21/23,PMC10507707,,10.3389/fpubh.2023.1223109,NO,,,,,,
37680189,Context-Dependent Responses to the Spread of COVID-19 Among National and International Students During the First Lockdown: An Online Survey,"Andreatta M, Jongerling J, Wieser MJ.",Disaster Med Public Health Prep. 2023 Sep 8;17:e485. doi: 10.1017/dmp.2023.118.,Andreatta M,Disaster Med Public Health Prep,2023,09/08/2023,,,10.1017/dmp.2023.118,MAYBE,NO,,,,,
37690279,Limited impact of contact tracing in a University setting for COVID-19 due to asymptomatic transmission and social distancing,"Stocks D, Nixon E, Trickey A, Homer M, Brooks-Pollock E.",Epidemics. 2023 Sep 8;45:100716. doi: 10.1016/j.epidem.2023.100716. Online ahead of print.,Stocks D,Epidemics,2023,09/10/2023,,,10.1016/j.epidem.2023.100716,MAYBE,NO,,,,,
37699018,Evaluating the use of social contact data to produce age-specific short-term forecasts of SARS-CoV-2 incidence in England,"Munday JD, Abbott S, Meakin S, Funk S.",PLoS Comput Biol. 2023 Sep 12;19(9):e1011453. doi: 10.1371/journal.pcbi.1011453. eCollection 2023 Sep.,Munday JD,PLoS Comput Biol,2023,09/12/2023,PMC10516435,,10.1371/journal.pcbi.1011453,NO,,,,,,
37715459,Examining the Influence of Imbalanced Social Contact Matrices in Epidemic Models,"Hamilton M, Knight J, Mishra S.",Am J Epidemiol. 2023 Sep 15:kwad185. doi: 10.1093/aje/kwad185. Online ahead of print.,Hamilton M,Am J Epidemiol,2023,9/16/23,,,10.1093/aje/kwad185,NO,,,,,,
37379511,Scalable Strategies to Increase Efficiency and Augment Public Health Activities During Epidemic Peaks,"Pasquale DK, Welsh W, Olson A, Yacoub M, Moody J, Barajas Gomez BA, Bentley-Edwards KL, McCall J, Solis-Guzman ML, Dunn JP, Woods CW, Petzold EA, Bowie AC, Singh K, Huang ES.",J Public Health Manag Pract. 2023 Nov-Dec 01;29(6):863-873. doi: 10.1097/PHH.0000000000001780. Epub 2023 Jun 28.,Pasquale DK,J Public Health Manag Pract,2023,6/28/23,PMC10549909,,10.1097/PHH.0000000000001780,NO,,,,,,
37932281,Rotation-based schedules in elementary schools to prevent COVID-19 spread: a simulation study,"Brom C, Diviák T, Drbohlav J, Korbel V, Levínský R, Neruda R, Kadlecová G, Šlerka J, Šmíd M, Trnka J, Vidnerová P.",Sci Rep. 2023 Nov 6;13(1):19156. doi: 10.1038/s41598-023-45788-8.,Brom C,Sci Rep,2023,11/06/2023,PMC10628146,,10.1038/s41598-023-45788-8,NO,,,,,,
38074710,Parental anxiety and depression are associated with adverse mental health in children with special needs during the COVID-19 pandemic,"Gruszka P, Ganahl K, Stasch N, Burger C, Haberlandt E, Bauer SM.",Front Public Health. 2023 Nov 21;11:1254277. doi: 10.3389/fpubh.2023.1254277. eCollection 2023.,Gruszka P,Front Public Health,2023,12/11/2023,PMC10699309,,10.3389/fpubh.2023.1254277,NO,,,,,,
38077090,Seasonally increasing parasite load is associated with microbiome dysbiosis in wild bumblebees,"Young MG, Just J, Lee YJ, McMahon T, Gonzalez J, Noh S, Angelini DR.",bioRxiv. 2023 Dec 1:2023.11.30.569473. doi: 10.1101/2023.11.30.569473. Preprint.,Young MG,bioRxiv,2023,12/11/2023,PMC10705496,,10.1101/2023.11.30.569473,NO,,,,,,